{
    "IsEncrypted": false,
  "Values": {
    "AzureWebJobsStorage": "UseDevelopmentStorage=true",
    "FUNCTIONS_WORKER_RUNTIME": "dotnet",
    "CONNECTION_STRING": "DefaultEndpointsProtocol=https;AccountName=sast10108243;AccountKey=KROMgMKONLB2aMlnn9Ve4UZKN2lLvOUAziCpqY6BvxpIp3zVhPiDLmKYHmvP+motLk6AJwvodbBF+ASt640p/Q==;EndpointSuffix=core.windows.net",
    // "SQLCONNECTION": "Server=tcp:st10108243queuestorageserver.database.windows.net,1433;Initial Catalog=ST10108243QueueStorageDB;Persist Security Info=False;User ID=nikki;Password=CLDV6212PoEPart2;MultipleActiveResultSets=False;Encrypt=True;TrustServerCertificate=False;Connection Timeout=30;",
    "SQL_CONNECTION": "Server=tcp:st10108243queuestorageserver.database.windows.net,1433;Initial Catalog=ST10108243QueueStorageDB;Persist Security Info=False;User ID=nikki;Password=CLDV6212PoEPart2;MultipleActiveResultSets=False;Encrypt=True;TrustServerCertificate=False;Connection Timeout=30;"
  }
}